IOBS,b5_1,b5_2,b5_3,b5_4,b5_5,b5_6,b5_7,b5_8,b5_9,b5_10,b5_11
410002,7,7,8,10,10,8,10,10,,6,5
410003,,9,9,9,9,9,9,,,,
410004,,5,9,3,10,4,5,4,,,2
410005,5,5,5,5,4,6,5,5,,4,4
410006,8,10,8,8,8,8,9,7,,7,
410007,10,7,9,9,8,9,9,8,8,9,8
410009,3,10,4,3,4,10,10,,5,8,5
410010,6,10,9,8,8,6,9,10,,9,9
410011,10,10,10,10,10,10,10,10,9,10,10
410012,8,6,7,7,,,7,9,,,7
410013,,9,7,10,9,,7,7,,9,
410014,,,1,,,,,,,,1
410015,10,10,9,10,9,10,10,9,9,10,9
410016,10,10,1,10,10,,10,10,,,
410017,,7,6,7,5,7,5,,,,
410018,,,,,10,10,10,,,,
410019,8,6,,,,,,,,,4
410020,9,9,9,9,9,9,9,9,9,9,9
410021,,,1,,1,,,1,,,
410022,10,,7,8,8,,9,,,,
410023,10,9,8,8,8,8,8,,,,8
410024,9,10,2,5,5,9,7,8,,5,5
410025,2,10,3,1,1,3,4,10,,,1
410026,7,10,7,8,8,8,8,7,,,7
410027,10,9,10,9,10,9,10,9,,,6
410028,7,8,6,9,10,8,7,,,,
410029,,10,9,10,10,10,10,,,9,
410030,,8,7,8,8,9,9,8,9,5,9
410031,,9,8,8,8,8,,9,,,8
410032,7,7,7,7,7,7,7,5,,5,7
410033,6,3,10,3,10,,5,,,,5
410034,8,8,8,8,8,8,8,8,,,
410035,9,8,9,8,8,9,8,8,,,8
410036,7,8,8,5,8,7,9,,6,5,5
410037,6,6,8,6,6,6,8,4,,,6
410038,,,5,8,6,5,,8,,,8
410039,4,8,4,8,6,4,6,,,,8
410040,9,10,9,9,10,10,10,,,,10
410041,6,5,6,8,7,8,8,,,,8
410042,,,8,,8,,5,6,,,5
410044,10,8,10,10,10,10,10,10,,,10
410045,7,5,3,10,10,1,9,,,,
410046,10,10,10,8,10,9,8,10,,,
410047,,6,5,,3,,4,5,,,
410048,,9,9,9,8,6,9,,,,6
410049,3,2,4,2,4,2,3,,2,,3
410050,5,5,8,9,7,5,6,,,6,7
410051,5,5,6,6,8,7,6,6,,,7
410052,4,8,3,5,6,,4,6,4,,3
410053,7,9,8,6,8,9,7,7,,8,7
410054,9,,9,9,8,9,7,9,,,8
410055,,6,5,4,6,5,5,,,,4
410056,10,10,10,9,10,10,10,,,10,10
410057,6,9,8,7,8,,,,,,
410059,,,10,,,,,10,,10,
410060,7,7,9,7,5,,9,7,,,
410061,10,10,6,10,10,9,6,10,10,10,7
410062,6,4,10,7,2,10,10,1,2,5,2
410063,5,5,5,6,5,5,8,5,5,5,5
410064,,10,8,8,9,8,,10,,,8
410065,10,10,,10,10,10,10,,,,10
410066,,8,8,9,,,,,,,
410067,5,4,4,5,4,5,5,5,,,
410068,5,10,6,7,6,9,9,,,,5
410069,10,10,10,10,9,10,10,,,,10
410070,5,8,6,6,7,8,6,,,,5
410071,7,9,7,7,7,6,6,,,,
410072,,,10,,5,,,,,,
410074,10,10,10,8,9,8,8,,,,10
410075,5,7,6,5,5,6,5,,4,9,5
410076,,5,10,1,3,,,,,,
410077,5,,,6,7,,7,,,,
410078,1,8,1,6,9,2,6,,,4,2
410079,7,8,5,7,6,7,7,,6,6,6
410081,10,10,,8,10,10,10,10,,1,
410082,10,10,10,7,10,,10,,,,8
410083,8,7,7,6,6,7,9,,,9,5
410084,10,10,10,,,,10,,,,
410085,9,9,6,8,9,4,9,10,,,10
410086,10,9,9,6,8,9,7,8,,9,6
410087,7,8,6,,5,7,5,,,3,6
410088,10,7,10,,8,9,5,10,,,
410089,9,9,,9,9,9,9,9,,,10
410090,9,8,8,8,8,7,8,8,,,7
410091,5,8,2,3,4,,4,6,,,
410092,,10,8,9,7,10,9,,,,
410093,4,5,5,4,,,4,,,,
410094,8,10,7,7,6,9,7,,,,
410095,9,9,10,9,,9,9,10,,,
410097,,10,,8,,,8,,,,
410098,,,6,,6,,,,,,
410099,7,,7,7,,,8,,,,
410100,,10,10,10,9,,10,10,,10,
410101,8,,,4,6,9,7,,,,
410102,10,7,,10,,,,,,,
410103,8,10,10,6,10,3,3,3,5,,7
410104,8,8,,7,9,7,,,,,8
410106,10,,9,10,10,9,10,,,,10
410107,10,8,10,6,6,10,10,,,10,7
410108,7,8,5,5,7,6,6,5,4,7,6
410109,10,,,10,10,10,10,,,,8
410110,9,8,7,7,8,8,9,8,8,9,9
410111,8,7,8,7,9,5,7,4,,,7
410112,7,,6,8,7,7,8,8,,,6
410113,4,6,5,6,10,8,6,,,,8
410114,10,10,7,8,7,10,8,10,10,10,5
410115,6,5,6,6,6,6,6,,,8,
410117,3,2,3,3,2,2,4,,3,5,2
410118,,1,1,1,10,10,10,1,,,
410119,5,8,6,6,6,6,9,,5,,5
410120,10,10,9,6,,,,8,,,
410121,7,7,8,8,7,7,7,7,7,9,6
410122,8,8,8,9,9,9,7,,,10,
410123,,6,6,,8,8,6,6,,,
410124,7,10,9,9,10,8,9,10,7,10,8
410126,4,10,10,5,10,8,7,10,,,4
410127,8,8,8,9,7,,6,7,,,
410129,,10,,,6,,8,,,,
410130,9,9,8,8,8,8,9,,7,,9
410131,5,10,4,3,6,7,6,,,3,5
410132,,,8,6,8,10,,7,,,
410133,10,6,6,7,8,6,9,7,,,
410134,4,7,10,6,5,8,7,,,,
410135,8,10,8,5,6,8,10,9,,8,9
410136,3,9,9,3,10,10,3,3,10,5,10
410137,8,9,7,7,8,5,7,8,,,
410139,1,1,1,1,7,,3,6,,,3
410140,9,8,10,10,8,4,8,,5,,8
410141,2,,10,,2,10,10,,,,
410142,8,10,7,7,8,6,8,,6,6,9
410143,6,9,6,6,7,,9,6,5,7,7
410144,7,8,9,10,10,9,9,5,,,6
410145,5,9,8,8,9,6,9,5,,,2
410146,,8,8,8,7,,,,6,,7
410147,8,7,6,5,5,5,4,7,,2,5
410148,7,10,10,5,10,8,9,10,,,5
410149,8,8,9,8,10,10,10,7,,9,7
410150,9,10,,10,10,,10,,,,10
410151,10,8,8,8,8,,10,8,,,
410153,7,9,8,7,8,7,8,8,7,6,8
410154,6,8,9,7,9,7,8,10,6,10,2
410156,8,9,9,7,8,7,8,9,7,6,5
410157,5,9,7,7,2,,6,,5,,
410158,4,10,2,8,8,4,6,,,,6
410159,,10,,6,,4,,,,,
410160,10,10,,10,10,,,,,,
410161,8,9,8,9,9,9,8,7,,,
410162,,8,5,2,10,10,,,,,
410163,10,,9,7,9,6,,8,10,8,6
410164,6,7,8,7,7,6,8,,,5,7
410165,10,9,9,10,10,10,10,10,10,10,10
410166,5,5,6,5,6,7,7,10,,,6
410167,7,5,5,6,10,9,8,6,,,4
410169,10,7,5,,9,,6,,,,
410170,,2,3,6,7,,,,,,
410171,5,10,10,8,8,,5,7,,,
410172,2,5,5,7,10,2,1,,,,5
410173,,,,10,10,,8,9,,,
410174,4,4,4,6,6,5,5,,,,4
410175,,8,7,4,5,5,5,,,,6
410176,,5,10,,10,7,5,6,,,
410177,8,10,10,10,10,10,10,10,7,4,8
410178,9,10,8,8,10,,7,,,,
410179,,9,,5,8,,10,,,,
410181,7,8,7,8,7,6,8,,,,
410182,7,10,5,7,6,5,7,,,,6
410183,3,2,2,7,2,,4,,,,
410184,10,6,9,10,10,10,10,6,,,7
410185,8,,9,8,9,8,9,,,,
410186,10,10,5,5,10,10,10,5,,,5
410187,9,8,9,9,8,,8,9,,,
410188,9,9,7,8,8,,,,,,8
410189,7,,6,5,8,,10,,,,
410190,7,6,4,9,4,3,4,,2,4,9
410191,3,1,9,7,10,4,3,,,,2
410193,5,7,6,6,9,6,5,,5,4,6
410194,8,8,8,9,9,7,8,6,,,10
410195,6,8,6,6,6,8,8,6,6,6,7
410196,5,8,6,5,9,6,8,,5,,
410197,,10,10,,10,,,,,,
410198,10,9,10,10,10,10,10,,,,10
410199,7,10,10,6,4,8,4,9,,,4
410200,9,9,9,9,9,9,9,9,9,9,9
410201,10,9,10,8,10,10,10,,,,
410202,10,10,9,6,7,10,8,,,5,6
410204,7,5,6,5,5,6,5,,,,6
410205,10,10,10,10,10,9,10,10,,10,10
410206,6,10,7,6,6,7,8,,,8,9
410207,1,2,1,1,1,,,,,,
410208,9,7,5,8,8,6,7,,,,6
410209,9,9,10,9,9,9,9,,,,
410210,10,10,10,10,9,10,10,10,10,10,10
410211,8,8,7,7,7,8,7,8,,8,
410213,2,4,4,4,5,2,4,,,,2
410214,7,6,10,7,9,7,8,,,,3
410215,8,8,10,10,10,8,8,,,,
410216,9,10,9,9,9,10,10,9,,,10
410217,5,3,7,4,5,6,6,,,,6
410218,8,8,6,8,8,8,7,7,6,7,7
410219,9,5,8,7,8,8,7,6,,,
410220,3,10,7,6,2,7,5,,,,2
410221,7,7,6,7,8,6,6,,,,
410222,10,10,7,6,10,10,8,10,10,,8
410223,8,8,7,10,10,6,10,,,,10
410224,10,4,10,4,1,1,4,2,,5,4
410225,6,9,4,5,5,5,6,10,,,
410226,10,9,9,9,9,9,9,9,9,9,10
410227,2,8,6,4,8,8,8,2,,,6
410228,5,5,3,3,3,3,3,,,,3
410229,10,10,9,9,10,10,8,10,8,,
410230,6,8,7,6,6,8,8,,,7,3
410232,10,5,7,5,,,,9,,,
410233,9,10,10,7,6,,8,9,,,
410235,8,6,6,6,6,8,7,,4,,
410236,6,10,10,,,,,,,,
410237,9,9,9,8,8,8,8,10,,,
410238,2,4,2,2,3,4,3,1,2,1,2
410239,6,5,5,1,6,7,2,,,,
410240,,10,,9,10,7,8,,,,
410241,5,8,8,4,9,6,6,10,,6,7
410242,,,10,,,,10,,,,
410243,3,8,7,8,10,10,7,,,,6
410244,4,5,5,7,9,6,5,,,,
410245,7,3,6,5,4,8,8,7,,,10
410246,9,,,4,7,10,4,4,,,
410247,10,10,10,10,10,10,,8,10,,10
410248,9,10,,7,9,,10,,,,
410249,,9,9,8,8,,8,,,,
410250,10,5,5,5,8,5,5,5,,,
410251,10,10,10,10,8,10,8,,9,,10
410252,,8,9,,9,,8,,,6,6
410253,9,10,9,10,8,9,9,,,9,10
410254,8,10,10,8,10,10,9,9,,,
410255,10,10,9,10,10,,10,10,10,10,8
410256,8,8,8,7,8,8,8,,,,7
410257,6,7,8,9,8,8,8,,,9,6
410258,6,9,3,10,8,2,10,3,2,3,2
410259,4,9,,,7,,3,,,,3
410260,8,7,7,8,8,9,7,,,,
410261,,9,7,10,7,9,8,,,,
410262,,9,8,9,9,9,9,,,,8
410263,7,8,9,7,,,,,,,
410264,10,10,10,10,10,10,10,10,5,,6
410265,3,8,6,8,7,5,7,,,,5
410266,10,9,10,10,10,10,10,,,,
410267,9,8,8,9,8,9,7,8,,,8
410268,10,10,10,10,10,10,10,,7,,10
410269,9,10,10,9,8,9,9,,,,
410270,3,3,2,3,3,2,3,3,3,,2
410271,5,8,7,7,7,2,3,4,,,8
410273,7,9,7,8,8,9,9,5,,,7
410274,9,9,9,,9,,9,9,,9,9
410275,7,9,,8,,,8,,,,
410276,9,10,6,8,7,5,9,,,7,9
410277,10,10,5,,7,,,5,,,
410278,7,9,10,10,7,6,7,10,,,
410279,10,10,9,8,9,8,10,,,,8
410280,3,5,3,2,1,5,4,,,4,5
410281,10,,10,8,7,6,7,,,,
410282,1,9,3,2,5,1,9,,5,,1
410283,8,8,9,5,5,,10,,,,10
410284,9,8,7,8,9,10,9,,,,9
410285,8,8,7,7,8,7,7,7,,,7
410286,5,8,8,,5,5,5,,,,
410287,4,9,7,8,9,3,4,6,,,3
410288,,6,3,8,3,,5,,,,3
410289,7,8,8,6,7,7,8,,,,7
410290,2,5,7,9,8,3,6,4,3,,2
410291,8,8,3,8,6,5,7,9,,,4
410292,4,5,,1,10,,4,5,,4,
410293,9,10,9,8,9,10,10,,,8,10
410294,10,10,8,10,7,10,10,,7,10,10
410295,6,8,7,7,8,,6,,,,7
410296,7,9,9,8,7,8,8,7,,8,7
410297,9,8,9,10,9,8,9,,,,
410298,6,9,10,6,8,9,5,9,4,10,7
410299,9,10,,8,10,10,,10,,,
410301,5,9,,,4,5,8,,,,5
410302,8,9,10,9,10,9,10,8,,,9
410303,,6,5,9,10,,,,,,6
410304,5,5,,3,5,4,3,,,,
410307,7,10,8,4,5,5,5,6,,8,
410308,8,8,8,9,9,8,7,9,6,,5
410309,,10,7,10,8,,5,,,,
410310,5,6,6,6,4,6,6,,8,,7
410312,4,9,6,4,5,4,4,5,,7,4
410313,10,10,10,10,10,8,8,8,,,10
410314,10,,,9,10,9,10,,,,10
410315,6,8,6,6,8,,6,,,,7
410316,2,2,2,5,7,7,6,7,2,,2
410317,6,7,10,9,10,10,9,10,,,6
410318,7,2,2,8,10,10,,10,,,6
410319,7,10,6,7,7,6,8,4,6,6,5
410320,7,9,7,6,5,8,8,6,7,,7
410321,,2,10,10,10,,10,,,,
410322,1,5,,2,2,,10,,,,3
410323,9,8,10,6,7,9,7,10,,6,6
410324,9,10,10,10,9,9,9,,,,
410325,4,5,6,3,6,5,3,3,,5,5
410326,7,7,7,8,9,9,7,8,,7,8
410328,9,6,6,6,6,7,6,7,6,8,5
410329,,7,,5,6,,9,7,,,
410330,8,10,8,10,8,6,10,7,,,
410331,9,7,5,3,5,,8,,,,5
410332,9,9,8,7,7,8,7,,,8,
410333,8,8,,8,8,8,9,,,,
410334,7,8,7,7,9,7,7,7,,7,7
410335,,10,10,10,9,10,,9,,8,
410336,,10,,10,10,,,,,,
410337,8,9,9,8,9,7,8,,,9,
410338,9,6,7,4,6,8,8,9,,7,8
410340,9,9,7,8,8,8,7,,6,6,7
410341,4,5,5,4,5,4,4,,,,4
410342,10,10,8,8,8,9,10,,6,6,8
410343,10,9,10,9,9,6,6,8,7,8,6
410345,,10,,,,3,2,,,,
410346,10,10,7,3,5,,5,,,,5
410347,7,2,3,4,5,,6,1,,,8
410348,,8,6,4,4,9,7,,,,
410349,8,9,8,10,8,8,8,7,,,8
410350,,7,7,,9,9,,10,,,
410352,7,9,7,8,7,,10,,,,5
410353,,,10,7,10,10,10,,,,10
410354,10,9,5,8,7,10,8,10,5,2,4
410355,,10,9,2,2,2,,6,,,
410357,3,9,7,5,5,6,6,4,,,6
410358,6,9,8,6,7,5,3,4,,9,6
410359,5,10,8,10,9,,8,,,,10
410360,8,9,9,10,10,9,10,,,,9
410361,8,9,10,,8,8,,10,8,10,
410362,,,,9,,,,,,9,
410363,7,6,9,5,8,9,10,,,,7
410364,,7,9,,10,,,,,,
410365,,,9,8,8,,9,8,,8,
410367,5,4,4,5,5,,,4,,,
410368,7,10,9,8,8,6,8,,,,3
410369,8,7,8,9,7,9,9,7,7,7,7
410370,8,8,8,8,9,10,9,,,,7
410371,,10,10,10,10,,10,,,,10
410372,10,10,9,6,9,9,7,,,9,8
410373,7,8,6,6,7,5,5,,,,5
410374,10,10,8,8,9,9,10,,9,9,9
410375,10,10,9,9,9,10,10,9,7,9,7
410376,,7,,4,5,7,2,,,,7
410377,,10,,6,10,,,10,,,
410378,4,7,3,5,4,9,,,,,
410379,9,,,,9,,10,,,,9
410380,10,9,10,10,10,10,10,9,,,
410381,8,8,8,9,9,9,8,8,9,8,8
410382,,1,2,,8,4,8,,5,,9
410383,10,10,10,10,10,9,9,,8,,
410385,8,10,10,7,8,10,9,9,10,10,5
410386,9,9,5,7,6,7,9,,,7,
410387,5,,7,,10,,,,,,
410388,7,7,6,5,4,6,7,4,,3,
410389,2,7,2,6,6,6,7,2,2,,2
410390,6,8,6,8,6,7,8,,6,3,5
410391,8,8,8,8,8,8,8,8,,8,8
410392,10,10,4,5,10,7,10,5,,,
410394,10,9,,,10,8,10,,,,
410395,10,10,10,10,10,10,10,8,,10,10
410396,7,8,6,7,7,7,7,8,9,7,6
410397,,10,7,,6,7,6,,,,
410399,9,10,10,7,9,6,8,,,,8
410400,9,10,10,9,10,10,9,10,10,9,9
410401,8,10,10,7,10,10,8,10,,7,
410403,8,9,6,7,6,8,8,,8,8,7
410404,,10,8,8,9,6,8,6,,,6
410405,7,8,8,8,9,8,7,,,,5
410406,5,8,7,7,8,7,6,9,7,7,8
410407,9,9,7,9,9,,8,,,,5
410408,,7,10,10,10,8,8,10,,,9
410409,,9,,7,5,7,6,,5,,5
410410,8,6,10,7,9,8,10,6,,6,7
410411,9,4,6,8,8,8,8,10,9,9,9
410412,8,6,5,5,5,5,5,6,6,8,6
410413,8,10,9,10,10,9,10,,9,,8
410414,10,10,10,9,10,9,10,,,,9
410415,10,9,9,10,9,10,10,9,,,9
410417,5,6,6,7,10,8,5,,,,7
410418,,5,5,6,6,10,4,,,,
410419,5,1,6,5,5,5,5,5,,7,5
410420,8,4,5,6,4,7,7,6,,,4
410422,4,4,8,5,8,6,7,6,5,8,6
410423,8,8,,8,7,10,9,10,,,8
410424,2,,2,2,6,2,5,,3,,3
410426,6,10,10,5,10,9,4,7,,9,6
410427,8,8,8,8,8,8,8,8,,8,8
410428,,4,5,8,5,8,4,,4,,7
410429,7,6,6,5,8,6,6,6,,6,5
410430,5,5,9,5,5,5,7,5,,,3
410431,6,8,9,8,5,5,9,,4,6,6
410432,,8,,6,6,9,4,,,,7
410433,,,9,10,9,10,9,9,,,
410434,,9,8,10,8,9,,,8,10,7
410435,6,3,2,3,3,5,5,6,6,7,4
410436,10,10,10,10,9,10,9,,,10,9
410438,7,8,8,7,10,8,5,10,,,5
410440,10,10,9,10,10,10,10,,,,9
410441,,4,5,5,3,4,4,2,,2,1
410442,,,,10,10,,10,,,,
410443,7,9,7,6,9,6,7,,,,
410444,3,2,5,5,3,5,6,4,5,4,5
410445,7,7,7,7,7,7,7,,,,7
410446,6,10,5,4,2,6,10,5,5,6,5
410447,,,10,,,,10,10,,10,
410449,,9,9,9,9,9,9,,,,
410450,4,8,5,8,8,4,5,4,,,
410451,10,,9,9,10,10,8,4,,,
410452,9,8,7,9,7,8,6,,,9,
410453,10,,10,10,,,,10,,,
410454,8,8,8,8,9,,9,9,,,
410455,10,10,,10,10,10,10,,,,9
410457,10,9,10,10,9,9,8,9,,9,9
410458,,6,6,5,5,,4,5,,5,4
410459,10,10,1,6,10,1,9,10,,1,1
410463,7,8,7,7,7,7,7,9,,8,8
410464,8,9,8,8,7,7,7,7,8,4,7
410465,6,6,10,10,6,10,7,,4,10,
410466,10,,10,10,10,,,,,,10
410467,4,6,10,10,4,4,4,5,,6,2
410468,5,6,6,5,5,5,5,6,,,6
410469,8,7,8,6,7,,8,8,,,7
410470,4,4,4,2,4,4,3,,,,2
410471,7,5,8,8,9,8,9,,,,6
410472,,10,,,,,,9,,,
410473,6,7,5,6,7,8,9,,6,5,6
410475,6,10,5,3,1,4,6,6,6,5,4
410476,7,9,4,6,7,3,7,1,2,3,4
410477,8,6,7,,9,8,5,8,,,8
410478,,,7,8,8,,8,,,,
410479,2,2,2,3,3,3,1,5,1,2,2
410480,,8,7,7,8,7,7,7,,,
410481,4,8,7,8,9,8,5,,7,9,7
410482,6,6,7,6,8,7,7,7,,5,5
410483,10,10,10,10,10,10,10,10,10,10,10
410485,5,10,1,8,6,5,6,,,,5
410486,7,6,8,6,9,8,9,8,,4,
410487,,9,,8,,7,6,7,,,9
410488,9,7,8,,,10,7,,,,
410490,10,10,10,10,10,10,10,10,,,5
410492,8,8,7,8,7,5,8,5,,,6
410493,10,10,,6,,,10,,,,
410494,9,10,9,,,,,10,,,
410498,7,8,8,8,7,8,8,7,,,
410500,8,9,9,7,8,10,8,,8,,
410501,,10,9,10,9,10,10,,,,10
410502,,9,,7,8,,9,,7,,7
410503,,10,10,,,,,,,,
410504,6,8,5,,8,7,7,,,,
410505,,8,9,8,,9,,9,,,
410506,,3,2,2,,,,,,7,
410507,,8,7,8,9,,8,8,,,8
410508,10,10,10,10,9,9,10,10,,,10
410509,1,3,,4,3,3,3,,,3,10
410510,10,8,10,7,9,8,8,,8,9,10
410511,9,8,7,6,8,7,9,8,7,7,6
410513,9,10,10,9,8,5,10,8,4,,
410514,10,10,10,10,9,9,9,10,,8,10
410515,7,8,8,9,6,8,7,,,7,6
410516,6,9,6,6,8,,4,10,,,4
410517,7,10,10,10,10,8,8,10,7,8,7
410518,10,10,,,10,,8,,,,
410519,10,8,,,10,,,9,,,
410520,,10,8,4,9,,8,,,,
410521,9,10,9,9,9,6,9,9,,,7
410522,9,10,8,9,9,,9,10,,,10
410523,8,,8,8,10,9,10,8,,,
410524,,6,6,6,9,6,5,6,,,4
410525,10,10,10,10,10,10,10,,,10,
410526,8,9,10,8,8,8,8,9,,,7
410528,6,7,10,9,6,8,8,,10,8,6
410530,,10,5,,6,7,3,,,3,
410531,3,6,4,5,5,4,4,5,,,
410532,10,10,10,9,10,10,10,10,,10,10
410533,10,10,10,,1,,1,,,,
410534,,6,5,8,,,,,,8,
410535,7,8,7,7,7,,,8,,,
410536,8,9,8,7,7,8,7,,,,7
410538,,,,6,10,5,,,,,
410540,8,7,,,6,10,7,,,8,5
410542,8,10,10,8,8,8,8,,,,
410543,6,1,6,2,4,2,1,2,,,2
410544,10,10,9,10,10,9,10,10,,9,10
410545,5,8,4,5,9,7,5,8,3,5,3
410546,8,8,8,8,8,,8,8,,,8
410547,8,8,9,8,7,8,7,,,,7
410548,,,,2,10,,,,,,1
410549,10,9,8,8,8,8,8,9,,,8
410550,3,10,10,10,8,1,1,7,,,7
410551,10,10,10,10,9,10,10,10,,10,10
410552,6,6,6,8,4,6,4,10,,,8
410555,6,4,5,4,1,6,6,10,,,4
410556,7,9,7,8,7,7,9,9,,,5
410557,8,7,8,8,7,7,7,6,,7,7
410558,10,10,10,10,7,6,10,10,,10,5
410559,10,7,,7,8,,10,,,,7
410560,8,10,10,8,9,8,7,,,,7
410561,,8,,,9,,8,,,,
410562,7,10,6,8,10,9,8,,,7,9
410563,8,4,7,5,9,6,8,,,,5
410564,5,8,10,9,7,,9,,,4,8
410565,10,8,10,10,10,10,10,10,,,7
410566,2,8,,4,5,,4,6,4,,6
410567,10,5,10,10,10,10,10,,10,10,10
410568,10,10,10,10,10,10,10,10,9,10,10
410569,8,,8,,10,,,10,,,7
410570,,,10,,10,,10,,,,10
410571,8,7,8,4,7,9,7,8,,,
410572,8,9,9,9,9,9,9,9,,,9
410573,9,9,9,10,10,7,10,9,,,
410574,,,,6,8,,6,7,,,7
410575,7,6,5,6,7,6,7,5,,,
410577,7,10,10,8,9,7,5,9,,,9
410578,1,,10,10,10,,1,,,,1
410579,2,6,5,6,4,3,,6,,,
410580,1,10,2,2,2,,,10,,,1
410582,6,10,10,5,8,8,6,5,,10,10
410584,10,5,10,10,10,10,10,6,,5,6
410585,,7,5,5,5,,7,5,,,
410586,9,10,8,7,8,8,10,,,7,9
410587,,,4,,,,,5,,,
410588,4,10,8,8,8,4,8,9,,,8
410589,10,10,10,10,10,2,10,,2,,9
410590,,,9,,9,,,,,,
410591,8,10,8,5,8,9,9,10,,,
410592,,7,7,7,7,8,8,9,,,
410593,10,10,10,10,10,10,10,10,8,10,10
410594,10,8,10,7,10,10,10,10,10,10,9
410595,9,9,9,8,8,6,9,7,,7,7
410596,9,10,10,10,10,,7,10,,10,7
410597,7,8,7,7,7,8,7,,,7,6
410598,9,9,9,10,9,9,8,10,9,9,9
410599,,9,6,9,9,8,,,,,
410600,10,1,10,10,1,,3,,,,1
410601,,9,9,9,9,9,9,9,,,9
410602,5,5,5,5,5,7,5,5,5,5,5
410603,9,7,5,7,6,9,9,9,9,10,8
410604,,10,10,9,9,,,,,,
410605,8,8,7,8,8,8,6,,4,3,8
410606,3,4,7,8,7,3,7,5,,,
410607,10,10,10,9,10,10,10,,,,10
410608,10,10,10,10,10,10,10,10,,,6
410609,3,7,8,7,7,6,5,5,,,6
410610,10,10,9,6,7,7,8,10,,7,5
410612,9,8,9,9,8,8,9,9,,,8
410613,7,9,7,7,7,7,7,7,,,
410614,4,,4,,,10,,,,,
410615,8,7,9,6,6,8,7,7,7,7,6
410616,8,10,8,10,10,10,10,8,8,,
410617,10,8,4,6,3,8,7,,,,8
410618,7,8,7,8,7,,8,,,,8
410619,,4,,,4,5,6,,,,
410620,,,9,9,9,,9,10,,,9
410621,3,6,4,7,5,4,4,,,,
410622,,7,,5,10,10,10,,,,
410623,7,8,10,7,7,8,7,9,,,6
410624,8,8,8,7,8,9,8,9,,8,7
410625,10,10,10,5,9,,,,,,
410626,9,8,7,7,8,8,8,,,,8
410627,,9,,,10,,,9,,,
410628,10,10,10,10,10,10,10,,,8,10
410629,7,8,8,8,10,7,6,10,,,7
410630,7,5,6,4,3,8,10,10,5,,4
410631,,6,5,6,3,2,2,,,,3
410632,4,7,6,7,6,6,6,9,,2,3
410633,10,10,10,10,10,10,10,,,,9
410634,10,10,9,10,8,10,10,,10,,
410635,7,8,7,8,9,7,10,6,10,5,
410636,9,9,6,8,8,6,9,6,,,6
410637,7,7,6,5,,,7,,,7,
410638,9,7,8,8,7,5,5,6,,6,5
410639,,7,7,8,,6,6,6,,,7
410640,5,6,5,4,8,8,8,4,,,8
410641,8,7,7,7,7,8,8,7,8,6,6
410642,10,10,5,9,5,,8,,,2,10
410644,7,7,5,6,7,6,6,8,,7,6
410645,4,9,7,6,8,6,3,,,,5
410646,7,8,6,3,5,7,5,5,,7,
410647,9,9,5,6,7,8,6,,7,,9
410648,,6,5,4,5,5,5,5,,,3
410649,8,6,8,5,8,8,8,6,,,6
410650,9,9,10,9,9,10,10,8,9,9,8
410651,,,,10,9,,10,,,,
410652,8,8,7,3,5,6,5,,2,,2
410653,,10,1,1,10,,1,,,,
410654,10,10,5,10,6,10,5,,1,5,3
410656,10,9,7,8,7,10,8,9,6,5,7
410657,3,10,8,4,5,10,2,,,6,2
410658,10,10,10,10,10,,,,,,
410659,6,8,,8,9,,9,,,,9
410660,2,3,5,3,2,5,3,10,,,3
410661,9,10,8,10,6,7,7,7,10,10,9
410662,5,5,10,2,2,7,3,7,,,2
410663,7,8,9,7,7,7,7,8,,,7
410664,8,7,7,8,7,7,7,7,,,8
410665,5,9,8,7,8,7,9,,9,5,9
410666,7,7,6,5,8,6,6,6,,,6
410668,3,5,3,2,10,4,10,4,,,10
410669,,6,7,10,9,7,10,,,,
410670,10,9,9,9,10,8,10,6,6,,10
410671,10,10,10,2,2,2,,,,,
410672,3,7,3,3,3,,4,4,,,3
410674,5,5,8,6,7,5,6,,,,7
410675,7,6,8,8,7,6,7,,,,7
410676,9,9,7,7,7,9,,7,,8,7
410677,7,8,9,6,9,9,9,,8,,
410678,9,8,8,7,10,8,8,10,,9,7
410679,,3,3,5,7,3,4,7,4,,
410680,10,10,9,9,9,10,10,10,,,8
410681,5,4,3,3,4,5,4,,1,,3
410682,,,,,10,,10,,,,10
410683,8,10,9,8,10,9,8,10,,,8
410684,7,10,7,5,7,7,7,4,,,7
410685,5,7,10,6,8,5,9,3,2,8,5
410686,10,10,9,5,8,5,7,5,,6,5
410687,10,,8,,8,10,7,8,,,
410688,6,8,7,8,8,6,8,8,6,2,6
410689,6,6,5,2,6,2,7,5,,,2
410690,4,2,5,4,5,2,4,2,,,2
410691,,,,,5,8,,3,,,
410692,7,8,7,5,4,7,7,5,5,8,5
410693,6,10,9,8,6,6,10,6,,,
410694,8,10,10,10,10,6,8,8,,7,7
410695,6,6,5,6,5,6,6,5,,,6
410696,6,7,8,8,8,7,8,,,,
410697,9,10,10,9,10,10,10,10,,,6
410698,6,4,5,1,1,5,2,4,,6,1
410699,,9,9,7,6,8,5,8,,8,6
410700,6,6,7,8,7,7,7,1,6,,6
410702,6,8,6,8,8,6,8,3,4,,6
410703,3,5,7,4,8,8,4,8,8,4,8
410704,9,9,,7,8,8,8,,,,8
410705,8,7,8,8,8,7,6,7,,7,6
410706,9,9,8,5,6,8,7,9,,,
410707,10,10,8,10,10,10,6,,9,10,5
410709,,7,7,6,7,5,8,,,,5
410710,7,8,8,10,9,10,8,10,9,,7
410711,10,9,9,9,10,10,9,,,,9
410712,10,10,6,6,10,10,9,7,8,7,9
410713,8,8,10,7,10,8,9,,,,
410714,4,6,6,4,5,4,4,4,,,4
410716,8,8,8,7,9,7,8,8,6,,6
410718,9,5,10,5,7,5,,9,6,,
410719,10,10,10,9,10,10,10,10,10,9,9
410720,,,6,8,5,5,6,,,,6
410722,6,9,9,7,7,7,10,4,,,7
410723,4,4,5,1,6,1,1,10,,2,
410724,1,4,7,7,10,6,8,4,,9,1
410725,,5,1,2,3,10,10,,,5,
410726,10,7,9,7,8,8,8,10,9,7,7
410727,6,4,6,7,1,,7,,,,6
410728,5,8,7,5,7,,7,5,,,6
410729,7,10,7,6,8,7,7,,,5,5
410730,5,7,9,6,6,,7,,,,
410731,5,7,7,,7,4,5,5,,,
410732,8,8,,9,8,8,7,,,,9
410733,9,9,10,9,10,9,8,10,,,10
410734,3,2,1,1,5,3,6,3,3,4,6
410736,10,9,10,10,10,10,8,10,9,10,9
410737,3,10,7,5,5,6,10,,,10,3
410738,7,8,8,7,8,7,9,8,,,
410739,7,6,7,6,6,,8,4,3,,5
410740,8,10,6,8,9,8,7,,,,7
410743,9,9,9,6,5,9,9,,,10,4
410744,8,10,10,8,7,,9,,,,8
410746,10,9,,10,10,,10,,,,
410747,2,2,6,8,2,8,3,4,,6,
410748,1,10,,10,10,,10,,,,10
410749,8,10,,8,9,,10,,,,
410750,9,7,6,6,7,7,6,4,,10,6
410751,5,10,8,10,5,6,9,8,,,5
410753,3,5,4,5,6,,1,10,4,,5
410754,10,8,10,10,10,10,10,9,,7,8
410755,9,9,5,8,9,,9,,8,,8
410756,5,9,6,7,9,7,6,,,,
410757,4,2,1,2,3,1,4,,,,10
410758,10,10,10,2,1,5,3,10,,,
410759,10,10,9,,9,9,9,9,,,
410760,10,10,5,5,5,10,10,4,6,5,4
410761,9,10,10,10,9,10,10,,9,,10
410762,5,,3,3,5,4,4,,,,
410763,,10,10,7,10,10,10,,,,10
410764,10,8,,9,5,,8,6,,7,7
410765,8,9,7,6,5,7,8,,7,7,7
410766,10,9,9,8,8,8,9,7,,10,9
410767,10,1,6,10,10,10,10,8,1,1,10
410768,6,6,5,6,5,6,6,6,6,6,4
410769,8,9,10,8,9,9,9,8,,,8
410770,9,10,10,10,10,9,10,,,10,
410771,7,7,7,6,6,8,7,7,,,6
410772,9,10,8,5,5,3,5,6,1,1,3
410774,7,8,,,3,,3,,,,
410775,,4,4,6,3,5,3,,4,,4
410777,3,5,5,2,,,3,,,,
410778,7,10,7,,10,6,9,5,,,5
410779,8,8,7,7,8,8,9,9,,7,8
410780,5,6,7,5,5,2,2,,3,7,2
410781,,,5,4,2,,2,2,,,
410782,8,,10,8,9,7,7,,,6,5
410783,9,10,8,8,8,,9,,,,
410784,7,8,7,9,8,7,9,,,,9
410785,9,10,9,10,9,9,10,,,,
410786,9,6,9,8,9,6,10,9,,,9
410787,6,6,7,7,5,7,7,,5,,5
410788,10,10,10,10,10,10,10,10,10,,9
410789,3,9,7,4,5,7,7,9,7,,6
410790,,10,,10,,5,,,,,
410791,5,6,5,5,5,5,4,9,5,5,4
410792,,,10,,10,1,,,,5,
410793,10,10,10,10,9,10,10,,1,,10
410794,10,,8,8,8,8,8,8,,,
410795,9,7,10,,5,8,8,10,,,
410796,10,10,10,10,10,10,9,10,10,10,10
410797,7,10,10,10,10,10,10,5,,,8
410798,5,10,7,10,10,10,10,10,,,9
410799,,6,6,5,5,6,7,,,,5
410800,5,8,7,10,10,6,8,,,,9
410801,,,3,4,3,,5,,,,5
410802,8,9,8,8,8,8,8,9,,8,8
410803,,10,,,,10,,,,6,
410804,10,10,10,10,9,10,10,9,,9,
410805,,,10,5,2,,3,,,,
410806,9,10,10,8,6,10,10,10,,8,9
410808,10,4,7,4,7,8,5,7,1,8,1
410809,9,9,8,9,9,7,9,,,,7
410810,6,10,10,7,10,,10,,,,9
410812,10,10,9,10,10,10,10,,,,10
410813,9,9,,10,9,10,9,,,,
410815,,1,5,6,6,,6,,,,5
410816,7,10,10,8,8,7,7,10,,,10
410817,10,10,9,9,10,10,9,,,9,10
410818,10,10,9,9,10,10,10,,,10,10
410819,7,10,4,10,7,10,7,1,,10,10
410820,8,10,10,9,8,8,7,10,5,7,8
410821,10,10,10,10,10,10,9,10,,10,10
410822,,9,2,8,7,,8,4,,1,
410823,10,5,10,10,10,10,10,5,,5,5
410824,7,9,8,7,8,7,7,7,,,9
410825,8,10,8,7,10,10,6,8,5,10,8
410826,6,6,9,8,9,7,8,8,,,6
410827,2,4,7,5,6,6,3,4,,,
410828,9,10,10,10,7,,,,,,
410830,,10,,,,,7,9,,9,
410831,10,10,9,8,9,7,8,,,,
410833,,2,4,2,2,1,3,2,,,
410834,8,9,8,8,9,8,9,,,,
410835,,,,,10,,,,,,10
410836,7,6,10,9,5,6,9,10,,,8
410837,6,10,9,,,,10,,,,10
410838,10,9,,9,10,10,10,,10,,10
410839,3,9,,6,1,,3,,,,
410840,5,4,6,4,6,7,2,3,,,3
410841,5,2,6,7,8,,2,2,,,
410842,5,4,4,8,5,4,5,,5,5,4
410843,2,10,3,3,10,10,10,,,,
410844,8,9,9,9,8,10,,8,,8,8
410845,9,10,8,7,7,9,9,5,,,8
410846,5,9,6,10,4,2,5,2,,4,
410847,9,6,8,7,6,7,10,,,,8
410848,8,10,10,10,9,10,10,,10,9,10
410849,6,7,,9,9,,7,,,6,
410850,,7,7,7,7,,7,7,,,
410851,8,10,9,8,10,10,10,,9,,
410852,10,10,10,10,10,10,10,9,10,8,10
410853,9,9,7,6,6,7,6,,,,
410854,6,10,10,9,10,9,,7,,,
410855,,5,5,5,5,5,5,,,,5
410856,10,10,8,6,7,8,9,10,,,
410857,10,,8,9,9,,9,9,,,
410858,7,8,6,7,5,,3,5,,,6
410859,5,10,10,,10,6,,8,,9,
410860,6,6,10,10,10,8,7,5,,,
410861,9,10,10,6,7,8,8,7,,,
410862,10,6,10,5,8,,10,10,6,,7
410863,6,8,10,5,6,10,7,,,,8
410865,7,6,6,8,6,7,7,,6,,2
410866,9,6,9,10,8,8,10,,,,5
410867,6,7,8,6,7,6,7,,,,
410868,2,9,6,6,10,2,6,,,,
410870,8,9,9,8,8,8,8,8,9,9,8
410871,,9,7,9,9,7,7,7,,,
410873,5,5,5,10,10,10,10,,,6,10
410874,9,7,9,9,9,10,10,7,,10,
410875,10,9,,,9,,,,,,9
410876,5,6,8,6,6,6,6,4,,,5
410877,8,,8,8,9,,8,,,,8
410878,7,9,8,8,8,8,8,7,8,9,8
410879,9,10,8,9,9,8,10,10,8,,9
410880,10,9,9,8,7,,10,8,,10,8
410881,3,7,5,7,6,6,6,,,,4
410882,9,9,,9,9,8,8,9,,,9
410883,9,8,8,8,9,8,8,,,,8
410885,10,,9,,10,,,8,7,,
410886,7,9,10,9,10,8,7,8,8,10,9
410887,6,8,5,5,5,8,8,9,,,
410888,8,8,9,8,8,8,8,7,,,8
410891,4,8,9,8,9,5,4,,5,,8
410892,,10,,6,5,,5,10,,,
410893,3,2,4,3,7,2,2,,,,1
410896,7,5,6,6,5,6,6,3,,7,8
410897,,10,10,6,10,10,10,5,,,
410898,5,10,10,7,6,6,10,5,7,10,7
410899,8,10,8,6,8,7,7,7,,,10
410901,10,10,10,10,9,8,10,,,8,8
410902,10,10,10,9,10,9,10,,9,,10
410903,5,9,8,8,7,8,6,,,,7
410904,8,9,10,10,10,10,10,,8,,10
410905,2,4,2,2,7,4,9,5,5,5,3
410906,9,8,9,8,8,8,8,9,,,8
410907,3,6,3,3,4,6,2,,,,4
410908,8,10,9,9,8,8,8,,,,
410909,7,7,7,7,8,7,7,,7,7,6
410910,5,8,9,5,9,5,5,4,5,5,5
410911,5,8,8,6,8,7,7,8,,,8
410912,2,5,5,5,5,5,2,6,,,2
410913,,2,,4,,,,,,,4
410914,6,8,8,6,8,8,,8,,,6
410915,9,7,10,10,10,7,10,6,10,4,10
410916,10,,7,5,7,10,7,,,,5
410918,7,9,7,6,6,6,7,,,3,4
410919,2,10,,10,7,,10,,,,5
410920,9,9,9,8,9,8,9,9,,9,9
410921,4,6,3,8,6,3,3,,4,,5
410922,4,9,5,6,5,,5,10,,,6
410923,6,6,6,4,4,6,6,6,,,
410924,8,8,7,7,9,7,8,7,,,7
410925,9,6,,,6,8,9,,,8,
410926,,10,,7,8,9,9,,,,
410927,8,8,9,8,8,8,9,9,,,8
410928,2,,7,7,10,10,10,1,,,1
410929,7,10,7,5,6,8,9,6,,7,6
410930,8,8,8,8,8,8,8,,8,8,8
410931,10,8,9,10,9,10,9,9,4,8,10
410932,8,9,8,8,9,9,9,8,8,8,8
410933,3,,7,5,5,6,8,,,2,
410934,9,10,9,10,10,10,9,,9,9,10
410935,7,7,6,6,5,7,7,8,5,,6
410936,4,4,4,3,4,4,4,,4,,4
410937,6,5,8,6,7,7,7,7,,8,3
410938,,4,3,,3,,3,,,,2
410939,5,7,4,4,3,3,5,,,,5
410940,8,,,9,8,,6,,,,9
410941,6,8,8,9,8,6,8,8,,6,
410942,2,,10,1,8,3,9,7,6,,
410943,4,6,,4,4,6,4,,4,,
410944,7,7,7,6,6,7,6,6,,7,6
410945,5,8,7,6,7,6,6,5,,,5
410946,,8,9,10,10,,10,,,,8
410947,3,7,4,7,7,6,5,,,8,3
410949,2,6,10,4,10,10,10,2,2,10,1
410950,6,9,9,5,8,6,6,9,,,6
410951,8,8,6,7,5,5,4,,,8,
410952,5,5,6,9,6,4,6,7,,,4
410953,3,,6,2,4,5,6,,,5,2
410954,,3,,3,3,,,,,,3
410955,4,4,7,5,3,3,3,,,4,
410956,5,8,9,4,8,5,3,10,,,7
410957,6,6,7,7,7,7,7,10,,9,5
410959,,6,9,8,7,9,7,,,,7
410960,10,1,8,,8,9,10,6,,,
410961,10,,,,,,,10,10,10,10
410962,8,9,8,7,9,8,8,10,,7,9
410963,5,7,6,3,6,4,7,5,5,8,10
410965,8,10,8,7,8,8,7,10,,7,7
410966,7,7,5,5,8,7,7,8,,,
410967,5,4,7,6,8,8,5,,,,8
410968,7,7,7,7,7,7,7,7,7,7,7
410969,7,8,7,6,7,6,6,7,,,6
410970,7,8,8,8,8,8,8,8,,8,8
410971,7,6,4,6,6,7,7,7,,,
410973,8,9,9,8,9,9,10,8,8,9,8
410974,7,9,8,3,7,9,9,8,,8,3
410975,4,10,8,9,10,5,8,4,4,5,6
410976,8,8,9,6,10,10,10,10,,,
410977,10,10,6,4,7,10,7,6,,4,5
410978,,10,8,5,8,,8,6,,,2
410980,4,10,8,6,6,9,8,10,8,9,3
410981,6,10,9,5,7,9,8,7,,8,10
410982,7,9,8,9,9,7,6,8,5,8,8
410983,,5,6,10,8,6,3,,,,8
410984,10,10,10,10,,,10,10,,,10
410985,,3,4,7,6,,,,,,4
410986,6,8,7,8,7,8,9,6,7,10,6
410987,8,8,8,7,5,7,7,,,,6
410988,7,7,10,6,5,,8,5,,,5
410989,8,6,6,,5,,8,,,8,
410990,10,,7,1,9,9,4,,,,2
410991,10,10,10,10,10,,,,,,
410992,,6,10,10,8,,,,,,
410993,9,10,7,7,10,8,8,,,,8
410994,6,9,10,8,9,6,8,,,,
410995,9,9,8,9,8,,8,,,,8
410996,6,10,9,7,10,7,8,8,6,9,6
410997,8,8,8,7,7,6,7,,,,7
410999,8,4,7,7,7,6,7,2,,4,3
411000,7,5,,,7,8,,6,8,8,
411001,1,5,6,6,10,2,8,,3,,4
411002,4,10,4,3,9,,,,,,
411003,,5,2,5,8,4,,,,4,
411004,5,9,7,5,6,7,7,7,,9,7
411005,,10,9,10,10,9,8,,,,10
411006,,10,8,7,10,7,8,9,7,,8
411007,1,,10,,,,1,,,,
411008,7,10,9,7,5,10,10,,,,6
411009,9,9,9,8,6,7,9,8,8,8,8
411010,10,10,10,10,10,10,10,,4,,10
411012,6,8,5,6,9,6,6,7,,,
411013,8,8,8,8,7,8,7,8,8,7,7
411014,,10,5,5,5,5,7,,5,10,10
411015,,,7,9,10,,7,,,,
411016,9,7,8,9,8,8,10,,,,8
411017,10,10,6,6,8,6,10,6,,,8
411018,3,8,10,8,6,5,9,,,,4
411019,10,1,,,10,9,8,8,,,
411020,8,8,7,8,7,7,7,9,,7,6
411021,7,9,7,7,7,7,6,,,,9
411022,6,,,10,10,10,10,,,,
411023,2,5,,3,2,,2,,2,1,
411024,,10,,,7,7,10,,,,
411026,,3,3,2,4,2,,,,,
411027,5,10,9,10,8,5,7,,,,7
411028,10,9,9,8,9,,9,2,,,9
411029,,6,,,10,,1,10,,,
411030,7,6,7,4,7,7,10,,,,6
411031,9,9,9,9,9,9,9,9,9,,9
411033,9,9,9,8,7,9,9,,,,
411035,,10,9,,10,,9,,,,
411036,10,2,10,3,2,3,3,,,,2
411037,10,10,6,7,,6,8,8,10,10,6
411038,5,9,7,5,4,,,6,,,
411039,9,8,10,10,10,9,10,,10,,7
411040,,9,8,7,7,,9,,7,7,6
411041,6,10,7,8,,4,7,10,,,
411042,10,10,10,10,10,9,10,,,10,10
411044,,6,6,8,5,3,7,,,,5
411045,7,7,8,7,7,7,7,,,,7
411046,7,5,9,3,7,3,8,8,,,2
411047,,,,10,3,,3,,,,
411048,4,6,5,4,6,4,4,8,,,
411049,7,7,5,7,6,7,8,,,8,4
411050,6,8,6,8,7,9,8,6,,6,8
411051,5,10,5,10,10,5,5,5,,,5
411052,10,10,9,10,7,9,10,10,10,,9
411053,8,9,10,9,8,9,10,8,9,9,9
411054,5,5,5,9,5,5,9,6,,5,5
411055,5,8,7,9,7,,7,6,,,
411056,7,7,7,7,7,7,7,,,8,6
411057,5,10,6,5,10,5,5,5,,1,5
411059,9,10,9,8,10,10,9,,,10,9
411060,10,10,8,7,7,7,7,,,,
411061,,8,10,10,8,7,8,,10,9,7
411062,7,,7,7,7,7,8,,8,,7
411063,7,6,3,5,5,5,5,6,,,5
411064,2,5,3,5,3,2,4,3,,,
411065,3,7,5,4,4,2,4,,,,5
411066,10,10,10,10,10,10,10,10,,3,9
411067,9,10,10,8,9,10,10,,6,,7
411068,9,10,2,5,2,6,8,,,,1
411069,10,10,10,10,8,9,10,6,,,6
411070,7,7,6,7,7,8,5,4,,9,
411071,,,9,9,9,,9,9,,9,
411072,6,8,8,4,4,,4,,,,
411073,10,10,10,9,9,9,10,,,,
411074,,10,9,9,9,,9,,,,
411075,5,8,2,4,4,,1,,,,
411076,8,8,8,7,7,8,6,6,,,6
411080,,7,7,5,5,8,5,,,,5
411082,7,7,5,6,5,5,6,8,,,5
411083,6,9,10,9,5,7,8,,,,7
411084,10,10,10,10,10,9,10,10,,10,10
411085,6,4,5,7,6,6,7,,,,5
411086,,,9,9,8,7,9,,,,
411087,8,9,9,8,8,8,7,7,7,7,8
411088,6,4,,8,8,7,4,,,,
411089,9,10,8,8,9,10,10,8,9,,8
411090,10,10,10,5,10,10,10,10,,,7
411091,2,1,10,10,10,8,5,,,,
411092,4,9,10,8,9,9,9,10,6,,6
411093,5,9,8,7,8,5,9,,,,
411095,1,7,7,7,8,1,1,7,,1,1
411096,7,8,9,,8,,,,,,8
411097,2,3,4,4,10,,7,,,,
411098,6,4,8,,8,6,,7,,,
411099,4,2,7,6,5,10,10,,,,
411100,3,,,5,4,6,3,,,,
411101,3,4,10,6,7,3,10,,,,
411102,5,6,8,7,8,5,5,5,,,5
411103,6,5,6,7,7,6,8,5,,3,9
411104,9,9,10,6,8,6,7,6,,,8
411105,6,8,10,6,7,8,6,6,,6,7
411106,6,7,7,7,8,8,7,8,6,,7
411107,9,9,9,7,9,8,8,8,7,9,8
411108,8,8,,,6,,,8,,,
411109,8,10,10,10,10,8,10,8,,,8
411110,,5,,5,5,5,6,,,,5
411111,5,,10,5,10,8,10,,,,
411112,,10,10,5,10,10,10,10,6,10,4
411113,5,6,5,4,6,6,4,4,,,5
411114,4,,,,,,,7,,,
411116,8,10,9,9,8,,8,,9,,8
411118,9,9,10,10,9,,10,,,,
411119,6,3,6,2,7,4,2,5,,,2
411120,7,7,6,6,10,6,8,8,,,9
411121,5,5,5,5,5,5,5,5,,,5
411122,9,7,7,8,6,6,8,9,,,7
411123,9,7,9,9,8,,,10,2,,5
411124,9,,5,5,9,,,,,,
411125,2,3,5,2,7,3,2,4,,,
411126,,10,,10,10,,10,10,,,
411127,1,4,4,1,5,5,3,,,3,3
411128,4,8,,10,10,,10,5,,,10
411129,8,8,6,6,6,7,6,8,8,7,7
411130,5,10,7,7,10,,7,,,,7
411131,,,,9,,,,10,9,,
411132,6,6,9,6,6,7,7,6,,7,6
411133,5,8,7,3,8,4,5,7,,,5
411134,4,5,,4,4,5,4,,,6,
411135,5,5,10,10,10,5,5,,,,5
411136,9,10,10,10,10,8,10,,,,7
411137,3,7,4,5,4,3,3,3,,5,3
411138,7,10,6,8,9,,7,6,,,
411139,9,10,7,9,10,10,9,6,7,7,8
411140,8,9,8,8,9,9,9,,9,8,8
411141,10,10,4,6,7,6,9,3,,,5
411142,9,9,7,9,8,7,7,,,,6
411143,8,2,7,2,6,2,2,6,,,2
411145,4,10,4,4,5,9,8,,,,8
411146,10,9,10,10,9,10,10,9,9,10,9
411147,10,10,9,9,10,9,9,10,,,8
411149,6,6,6,6,6,8,6,8,6,6,6
411150,,,7,8,,9,8,,,,
411151,9,9,9,8,9,8,9,9,8,8,9
411152,4,3,5,4,5,4,4,,,5,4
411153,10,10,7,7,6,5,5,,,,3
411154,10,9,10,10,6,10,10,,,,
411155,9,9,9,8,10,,9,8,,,
411156,5,10,10,5,4,,5,,,,
411157,10,8,7,8,9,10,9,3,,4,5
411158,8,4,1,3,8,6,8,1,1,,1
411159,8,8,6,4,8,8,6,8,,,4
411160,7,5,6,7,5,7,5,,,,
411162,6,6,8,6,6,8,6,8,,,6
411163,7,7,8,7,9,6,7,,,6,7
411164,,6,4,,,,,6,4,,
411165,9,9,8,8,8,9,8,,9,8,9
411167,,7,8,,9,,7,,,,6
411168,1,4,2,1,2,8,3,2,,5,1
411170,3,3,3,2,7,,2,5,,,4
411171,7,10,,,10,,9,,,,
411172,4,,7,8,10,7,5,,,,8
411173,9,9,8,8,8,8,8,,,9,8
411174,10,10,9,10,9,9,9,10,10,9,10
411175,10,10,10,10,9,10,10,3,5,10,10
411176,,,6,7,8,7,9,8,8,,9
411179,6,9,7,8,9,8,8,7,,,9
411180,9,9,9,9,9,9,9,9,,9,9
411181,10,6,6,6,6,4,5,,,,
411183,5,5,5,5,5,5,5,,,,5
411184,10,8,10,8,9,10,10,,,10,7
411185,6,7,5,5,7,6,7,,,,5
411186,8,9,5,8,6,9,8,,6,9,6
411187,,7,7,2,4,3,6,6,,,3
411188,10,10,,10,10,,,,,,10
411189,4,6,7,4,5,4,5,4,,,2
411190,,4,6,6,10,,7,,,,
411191,8,9,6,8,9,8,9,,,8,7
411192,4,4,10,4,1,1,3,1,,,5
411193,10,8,,9,9,,9,,,,
411194,9,,,10,9,8,9,,,10,
411195,,,7,10,10,,,,,,9
411196,9,10,10,9,9,9,9,9,,10,9
411198,9,10,8,9,8,10,9,10,,3,
411199,,10,,10,10,,,,,,
411200,5,8,8,3,7,7,5,,,,
411203,4,5,10,4,5,8,6,5,,,4
411204,8,8,9,8,8,8,8,8,8,8,8
411205,3,1,,2,2,2,1,,,,1
411206,7,8,8,7,9,9,9,8,,7,8
411207,7,10,10,10,10,10,8,,,,7
411208,,8,,,9,,7,10,,,
411209,10,8,10,6,6,8,10,7,,9,
411210,8,,9,8,10,10,10,,7,,6
411211,6,7,10,,,10,7,,,10,
411212,2,10,10,6,7,1,,5,,,8
411213,8,8,6,5,5,9,7,,8,5,5
411214,7,7,7,5,8,6,5,8,,,4
411215,,10,10,8,10,,10,,,,
411217,,10,5,9,9,7,10,,,,10
411218,,,8,9,10,,9,,,,8
411220,,2,9,10,10,2,5,,,,
411221,9,9,9,8,8,10,9,8,8,8,9
411222,8,9,6,9,8,9,9,,7,,9
411223,8,6,8,8,9,5,8,8,4,,6
411224,,10,10,10,10,10,10,10,7,7,
411226,5,5,5,5,6,,6,,,6,5
411227,7,10,9,8,7,7,8,7,,9,7
411228,7,10,10,8,8,10,9,8,6,5,8
411229,8,8,7,8,8,7,8,,,,7
411230,,2,8,8,10,7,5,5,7,4,6
411231,8,8,8,7,8,6,9,,,6,9
411232,7,9,9,7,9,8,6,5,5,5,8
411233,9,9,8,9,9,9,9,,,,6
411234,1,4,3,2,4,4,6,,1,,1
411235,6,9,7,6,6,9,6,6,6,6,9
411236,9,8,7,8,6,9,6,,,7,6
411237,7,10,7,7,6,7,7,4,,,3
411238,8,6,7,3,5,9,6,1,,3,
411239,6,6,4,6,,7,6,7,6,7,7
411240,,10,,,,10,,10,,,
411241,,9,,10,8,,8,9,,,9
411242,5,6,6,5,5,5,4,6,8,5,4
411243,4,6,5,5,5,5,4,4,,4,
411244,4,4,6,8,6,4,6,,,,4
411245,8,8,8,6,5,9,7,,,9,6
411246,,,4,9,5,7,7,,,,4
411247,7,6,5,9,7,10,10,6,5,5,5
411248,6,7,6,6,6,6,6,6,,,6
411249,6,4,7,8,7,,5,8,,,
411250,7,6,6,7,7,9,7,,,,7
411251,7,9,9,7,9,8,5,7,,6,
411252,10,10,9,10,10,10,10,,,,10
411253,7,8,7,6,7,7,5,7,,5,
411255,1,1,1,1,10,1,1,1,,,10
411256,8,8,10,9,9,10,10,10,,,
411257,5,8,5,5,5,5,5,8,,,5
411258,8,9,8,7,9,8,8,,,,8
411259,,8,,,10,,,,,,
411260,7,7,7,7,7,7,7,7,,,
411261,,8,8,,5,,7,,,,6
411262,10,1,9,1,10,10,10,1,,1,1
411263,5,10,10,10,10,10,10,10,,,5
411264,7,9,10,8,8,8,2,,,,7
411267,,,8,8,8,,6,,,,
411268,9,7,9,5,10,9,6,8,4,,7
411269,10,,,10,10,,10,,,,
411270,4,2,1,1,4,4,4,4,4,4,4
411271,6,9,8,7,6,7,6,,,,8
411272,7,10,10,3,7,9,5,6,,,2
411273,,10,8,,,8,5,,5,,10
411276,7,10,7,6,6,10,10,,,8,9
411277,,6,1,,,3,2,,2,,2
411278,8,8,4,2,2,2,4,,2,,2
411279,5,5,4,5,5,4,5,3,,,5
411280,8,9,8,7,7,,7,,,,7
411283,10,10,10,10,5,10,10,10,,,10
411284,,,10,,10,10,,,,,
411285,7,8,8,8,8,8,,,7,,6
411286,7,10,8,8,8,9,8,,,,
411287,2,10,7,5,9,7,8,,,,
411288,10,10,10,10,10,6,6,10,8,7,6
411289,9,10,10,,10,9,9,9,,,9
411291,6,9,,6,6,6,9,,,,6
411292,10,10,7,5,7,7,5,2,2,6,
411293,9,8,9,7,7,,8,8,,10,5
411294,9,9,9,9,9,9,9,9,,9,9
411296,,10,,8,,,,,,,
411297,7,8,10,7,10,6,8,6,,,10
411299,9,9,10,9,9,9,7,,7,,9
411300,6,8,9,7,7,6,6,6,,,6
411301,9,8,10,10,10,10,10,10,,,
411303,,8,9,5,5,5,7,6,,,6
411305,6,,,10,5,,,,,,5
411306,7,8,7,9,8,,,,,,7
411307,,,,,9,,2,3,,,1
411308,,4,5,6,5,,,5,,,5
411309,6,4,9,5,4,4,4,3,,,4
411310,6,7,4,4,6,5,7,,3,,3
411311,9,10,8,7,5,2,10,10,,3,2
411312,,8,,5,7,9,,,,8,
411313,7,6,6,9,10,,,10,,,
411314,,6,5,5,,,,,,,
411315,3,5,7,9,6,,7,,,5,9
411316,7,2,,5,3,,8,,,,2
411317,,2,2,9,9,1,2,,1,,2
411319,,,2,6,,,3,,,,2
411320,,9,8,8,9,,,8,,8,
411321,2,6,3,4,5,4,6,,,,
411322,6,7,8,8,7,7,8,,8,7,
411323,9,10,,,7,9,10,,,,
411324,8,10,9,8,8,10,9,8,9,10,10
411326,8,10,9,8,8,9,9,8,9,8,8
411327,7,10,,,9,,9,,,,
411329,6,8,7,4,9,5,,7,,,3
411330,8,10,10,10,10,10,10,9,,8,10
411331,10,10,10,5,10,7,10,10,,,5
411332,8,8,8,7,8,7,8,8,8,6,
411333,4,4,3,2,6,,7,,,,
411334,10,10,6,,5,8,,6,,,
411336,,10,,10,10,9,,,,,
411337,6,8,5,4,4,5,4,,,,6
411338,6,6,,4,7,,4,3,,,8
411339,,8,7,6,7,9,6,,,,
411341,9,8,9,9,9,9,9,,,,9
411344,3,8,3,1,2,3,3,2,,7,
411346,4,2,5,4,4,,4,3,1,,5
411349,4,4,10,10,3,6,4,7,,,
411351,5,,9,7,7,,,,,,8
411352,8,9,8,9,10,9,9,,,,9
411353,,,8,10,10,8,8,10,,,
411354,,10,,1,,,,,,,
411355,5,7,,6,6,7,7,,,,6
411356,2,5,5,3,6,7,4,6,2,,3
411357,4,10,10,5,9,10,6,4,,9,
411358,9,10,9,6,6,8,10,,,,8
411359,,10,10,10,10,9,10,,,,10
411360,,5,5,6,5,,10,,,,9
411361,7,6,8,7,6,5,5,6,,5,5
411362,10,10,10,1,10,10,1,1,,,1
411363,8,8,9,9,7,9,8,10,,,8
411365,5,7,9,,8,,8,,,,
411366,10,10,10,10,10,10,10,8,8,8,9
411367,9,,,9,9,9,9,,,,
411368,9,9,9,9,9,7,9,5,5,9,6
411369,8,10,8,8,7,9,10,9,,,7
411370,6,8,9,4,4,5,4,6,10,6,
411371,7,7,,,,7,7,,,10,
411373,9,8,8,9,8,7,9,7,,,9
411374,7,8,7,6,6,6,8,,,8,8
411375,2,9,7,10,5,10,10,6,6,,2
411376,5,4,9,6,6,5,6,3,,,5
411377,7,8,6,6,7,6,7,6,7,5,7
411378,5,10,10,,5,8,8,,,9,6
411379,10,6,,,,,8,,,,
411380,10,9,,8,9,9,9,,,,8
411381,5,10,8,7,9,6,10,,,,10
411382,7,9,5,8,6,8,7,3,8,3,9
411383,9,9,9,9,9,9,9,9,,,9
411384,10,10,9,9,9,9,10,,,9,9
411385,4,4,4,6,4,6,5,,4,4,4
411386,9,10,10,,,8,8,,,10,
411387,,7,,5,,10,,,,,
411388,7,5,8,2,3,9,6,9,,,2
411389,9,10,10,10,10,8,7,8,,,8
411390,10,10,10,7,9,,7,7,,,
411391,,7,8,10,,7,2,,,,
411392,5,7,5,7,4,4,5,4,,,4
411393,,9,,6,7,6,5,8,,,
411394,8,7,9,10,10,10,9,8,,10,10
411395,10,8,10,8,9,,9,,,,9
411396,7,,5,5,5,6,7,,,,
411398,10,10,9,9,5,,9,7,,7,
411399,6,6,6,5,5,5,5,,5,6,5
411400,,,,10,10,,10,10,,,
411401,10,10,10,10,10,9,10,8,6,9,10
411402,5,6,5,3,9,,5,,,,9
411403,10,10,10,9,10,10,10,10,10,,
411405,3,1,3,1,3,1,3,1,,,1
411406,8,10,,7,8,,9,,,,8
411407,10,4,7,,10,,,8,,,
411408,7,7,6,5,7,7,6,6,5,5,5
411410,5,9,10,8,9,9,9,,,8,10
411411,9,9,8,8,8,8,8,,,,8
411412,9,8,4,2,1,4,3,,,,
411413,6,6,10,9,10,9,10,,6,,6
411414,6,6,6,5,5,4,6,5,,,4
411416,,9,9,8,10,10,,10,,9,
411417,8,10,8,10,10,,8,,,,10
411418,9,10,10,9,10,,10,,,,10
411419,,,,,10,10,,,,,
411420,6,10,,,,,,8,,,
411421,4,5,5,3,5,3,3,5,,3,3
411423,10,10,10,10,10,10,10,3,,10,10
411424,10,10,9,10,10,10,10,,10,,10
411425,7,9,8,5,10,,5,8,,,
411426,10,10,10,9,10,,10,,,,
411427,4,6,6,4,4,6,5,,,4,
411428,5,10,6,8,10,,8,3,,,3
411429,10,10,9,10,9,9,10,,,,10
411430,6,6,6,10,10,10,10,6,,,6
411431,7,8,9,9,7,9,9,7,7,9,7
411432,4,4,5,5,4,6,3,,4,,4
411433,8,8,8,7,8,8,8,8,8,8,8
411434,10,,10,10,8,,10,,,,
411435,10,10,10,10,10,7,9,8,7,,
411436,8,10,8,5,10,7,7,10,6,10,5
411437,3,10,3,5,8,5,5,1,6,4,9
411438,,10,10,10,10,10,9,,,,
411439,,10,10,10,10,10,10,10,,,8
411440,3,,,3,2,,7,,,,5
411441,6,7,7,7,5,,6,6,,,6
411442,,8,7,7,7,6,6,,,,
411443,5,8,8,5,6,10,8,7,,,4
411444,5,6,6,8,9,,2,,,,
411445,,,,9,7,,,7,,,
411446,5,4,4,4,4,4,4,,,4,4
411447,10,2,10,,8,,,,,,
411448,10,,,,10,,10,,,,
411450,,10,,,,,,,,,10
411451,4,5,7,3,6,3,5,10,3,4,4
411452,8,8,7,8,8,7,8,7,,,
411453,7,10,9,7,9,9,7,10,,5,5
411454,,9,9,8,7,8,8,9,,7,
411455,3,4,,2,3,5,4,,1,,3
411456,,10,10,10,10,,9,,,,
411458,10,10,7,10,10,10,10,10,,8,8
411459,9,9,7,5,5,5,5,5,,8,5
411460,10,10,10,5,6,10,7,6,,10,
411461,,9,,6,9,,8,,,,
411462,2,3,2,2,2,2,3,10,,,4
411463,7,9,8,9,7,6,8,8,,10,7
411464,7,8,6,9,6,7,7,6,6,7,8
411465,10,10,8,4,10,,10,9,,,
411466,10,10,,6,10,6,10,,,,10
411467,,10,10,,7,,5,5,5,5,
411468,,9,,6,4,8,1,6,,,5
411469,6,10,6,10,10,6,10,3,6,6,4
411470,10,10,10,10,9,10,10,10,10,10,10
411471,10,10,10,6,7,6,10,7,,8,7
411472,7,8,7,9,9,8,7,6,8,6,8
411473,10,10,9,10,10,,10,10,,,10
411474,10,8,10,10,9,10,10,,,9,8
411475,10,1,3,3,6,10,7,,,,9
411476,8,7,6,8,7,8,8,,,,8
411477,,,7,,,,,6,,,
411478,8,8,8,8,7,9,7,7,8,7,7
411479,,9,,8,8,7,7,,,,8
411481,7,10,10,7,5,6,10,10,,8,3
411482,,10,8,10,10,,7,10,,,5
411483,7,8,,5,7,8,5,,4,,4
411484,8,7,7,8,8,6,7,5,,6,8
411485,6,10,,10,10,6,8,,,,10
411486,5,6,5,4,3,4,4,6,5,5,4
411487,8,8,9,8,9,9,8,8,,8,9
411488,9,10,10,4,7,7,6,,,,
411489,10,10,10,10,10,10,10,10,9,9,10
411490,5,5,6,4,4,4,5,,,,3
411491,7,8,7,8,7,,7,7,,,
411492,9,10,9,10,10,10,9,10,10,9,10
411493,6,6,9,7,9,9,9,,,,7
411494,9,9,9,8,9,9,9,9,,,
411495,5,10,7,10,9,7,10,,7,,10
411496,3,8,7,5,9,6,9,2,,,5
411497,8,8,8,8,8,8,8,,8,9,6
411498,7,10,,10,10,,9,,,,7
411500,8,10,8,10,8,10,8,9,9,7,10
411501,8,9,7,7,9,8,8,,8,,8
411502,5,9,9,8,8,3,6,6,2,2,3
411503,,6,5,2,1,6,6,7,,,1
411504,8,9,9,7,8,8,8,10,,,7
411506,7,2,2,10,8,,6,,,,
411508,,7,7,7,7,,7,,,,7
411509,8,10,9,9,10,8,9,,9,,9
411511,10,10,10,10,8,10,4,6,3,,7
411512,10,9,1,1,7,4,4,,,,1
411513,3,9,10,9,6,,4,,3,,5
411514,3,2,7,4,4,,3,2,,,3
411515,,,6,,7,,,,,,
411516,10,7,,,6,10,6,,,,
411517,6,10,7,5,4,5,6,2,,,
411519,,4,5,1,5,4,3,,,,1
411520,9,5,7,6,10,7,10,,,10,9
411521,9,,5,8,9,8,9,6,,,
411522,10,,,7,5,,6,,,,
411523,5,9,7,8,7,9,10,,3,,9
411524,8,9,10,8,9,8,10,10,,,7
411525,8,10,10,7,10,7,10,,,,
411526,10,10,10,8,9,10,5,,,9,10
411527,10,10,10,7,7,6,8,7,,9,6
411529,6,8,5,5,4,4,3,5,,,
411530,,10,7,6,6,8,5,,9,,6
411531,,,,10,10,,10,,,,
411532,,7,5,8,8,,10,,,,8
411533,8,9,7,8,9,2,8,,,5,6
411534,5,6,5,5,5,,6,,5,,5
411535,10,8,10,7,4,,7,,,,
411536,9,9,9,8,8,9,8,9,,9,9
411537,5,7,6,6,6,5,5,,5,6,6
411539,10,8,7,8,9,8,5,10,7,8,7
411540,9,9,8,9,9,8,8,,7,,8
411541,7,8,7,7,7,8,9,,,,8
411543,8,10,10,10,10,10,10,8,10,10,10
411544,9,2,6,8,7,10,7,,,,
411545,8,6,4,2,6,7,7,8,,,3
411546,7,6,9,,8,6,,8,,6,6
411547,6,9,1,2,5,10,7,8,,1,4
411548,8,9,7,8,8,7,8,,,,
411549,,7,,,4,,,,3,,
411551,7,10,8,7,10,8,,,,,8
411552,10,10,10,10,10,10,10,8,,,10
411553,7,10,6,6,8,5,6,8,,,6
411554,8,10,8,,8,8,7,10,,9,
411555,10,10,10,1,1,,10,,,,6
411556,2,,8,5,6,9,5,8,,,5
411557,10,10,10,6,6,7,8,4,,,4
411558,,7,7,9,6,5,8,,,,5
411559,10,,10,9,9,10,8,10,8,8,9
411560,10,9,10,7,5,10,3,6,7,5,8
411561,7,8,7,6,8,7,8,,,,7
411563,7,8,9,8,8,8,9,,,8,8
411564,,10,,,8,10,7,8,,,
411565,6,,7,5,8,,6,,,,
411566,7,7,,8,7,10,8,,6,,7
411567,7,5,6,5,5,7,8,,9,5,6
411568,,5,3,2,4,,,2,,,
411569,7,9,8,7,8,9,8,,,9,9
411570,10,10,10,10,9,10,10,10,10,10,10
411571,,10,10,10,10,,10,,,,
411573,8,5,5,8,8,9,10,3,5,5,6
411574,1,10,1,1,3,1,6,,,,10
411575,10,10,10,10,10,10,10,,,9,10
411576,,6,5,7,5,4,10,,,,6
411577,1,4,1,1,5,1,,,,,
411579,8,8,8,8,8,,8,8,,,8
411580,10,10,10,10,5,5,10,5,,6,10
411581,6,9,9,5,6,8,6,,,,7
411582,10,9,10,10,9,10,10,10,10,10,9
411583,9,10,10,10,10,,10,7,,,5
411584,,8,7,6,7,,,7,,,
411585,7,10,6,10,6,4,6,5,,,6
411586,10,,5,6,,6,10,5,,,
411587,2,,,7,10,5,4,,,,6
411588,10,9,9,7,9,10,9,10,9,,9
411589,5,5,6,6,5,6,6,,7,6,6
411590,7,9,7,7,8,10,7,7,,7,8
411592,10,10,10,9,10,10,10,10,10,10,10
411593,9,9,9,9,9,9,9,9,,10,9
411594,,10,7,9,10,10,10,,,,6
411596,5,7,9,7,7,7,6,7,,9,6
411597,,10,8,8,8,8,,8,,,
411598,,10,9,6,6,9,8,6,,,
411599,6,10,,10,10,10,8,4,,6,3
411600,10,,8,6,10,6,7,4,,,10
411601,7,10,8,8,8,7,8,,,,5
411602,,10,,10,10,,10,,,,
411604,,10,7,10,10,,10,,,,
411607,7,8,3,,7,6,6,6,,,
411608,10,10,8,10,9,10,9,,,,7
411609,,10,9,,,,10,10,,,
411610,10,10,,9,8,,10,,,,9
411612,10,8,8,10,10,10,10,7,5,7,10
411613,3,8,2,4,7,7,8,2,,2,2
411614,,2,,8,3,,2,,10,,
411615,9,,8,7,10,,10,,,,10
411616,7,10,10,10,10,10,10,,,7,7
411617,9,8,9,8,8,8,9,,8,9,7
411618,,,6,6,6,7,6,5,,,
411619,,,,,10,10,1,1,,,
411620,8,10,9,8,10,7,8,9,,,6
411621,6,7,9,7,6,7,7,2,,,1
411622,5,1,10,5,5,5,5,8,,5,5
411623,6,8,5,8,6,7,8,9,,,9
411624,,10,3,7,9,5,8,,,,9
411625,6,9,7,6,6,4,6,,,9,6
411626,,,7,6,6,,,,,,
411627,3,7,5,8,8,6,5,5,,1,6
411628,4,7,2,4,3,6,2,4,,,2
411629,,,9,8,8,,10,,10,,
411630,5,5,5,4,8,10,10,10,6,,6
411631,5,5,5,5,5,5,5,5,4,,
411632,8,8,8,8,8,8,8,8,9,,
411633,8,8,7,9,8,9,10,9,7,6,
411634,7,9,9,9,9,7,9,9,,,6
411635,8,10,8,9,9,9,9,8,,,8
411637,10,10,10,10,10,10,10,6,6,10,10
411638,8,9,9,8,9,8,9,8,8,9,8
411639,,4,3,3,7,,5,,,,5
411640,10,,,,,,9,9,,,
411641,10,10,8,8,9,10,9,9,8,10,10
411642,6,10,,6,6,6,6,10,,,
411643,10,6,8,5,5,9,10,,,,5
411644,,4,2,5,10,,5,3,1,,4
411645,8,8,8,,10,10,8,10,,9,7
411646,,8,10,7,7,8,9,,,,
411647,5,6,5,5,5,4,3,,,,5
411648,6,8,7,7,5,5,8,5,,,6
411649,5,7,8,8,7,6,9,8,,4,
411651,8,9,9,8,8,8,8,8,,8,8
411653,10,10,1,2,10,2,7,10,,,1
411654,,9,8,,,9,,,,,
411655,8,8,8,6,8,8,8,,5,2,6
411656,9,8,5,6,6,7,6,,,,7
411657,,7,6,5,5,6,7,7,,,3
411659,9,10,8,9,8,8,9,,,,8
411661,5,8,7,7,3,7,4,7,,6,3
411662,7,10,10,6,8,8,10,,7,5,6
411663,7,7,8,7,7,7,8,8,,,7
411664,,10,10,8,10,10,10,,,,10
411666,9,9,8,9,9,,8,8,,,8
411667,7,7,5,5,6,9,8,,7,9,7
411668,2,4,10,2,9,3,4,4,4,,4
411669,7,8,9,7,7,8,8,8,6,,
411670,,10,,2,9,,6,,,,
411671,3,5,3,4,5,3,2,2,3,3,2
411673,7,5,10,,,,6,,,,
411674,7,7,6,8,6,6,5,7,6,,3
411675,7,8,7,9,9,9,8,9,,8,7
411676,9,1,2,3,6,5,,4,5,1,1
411677,,1,,3,1,,,6,,,
411678,5,5,8,6,7,9,6,5,5,6,7
411679,8,7,4,5,3,4,6,5,4,6,6
411680,8,5,6,5,7,7,6,4,6,6,7
411681,8,10,8,8,8,8,8,9,8,9,8
411682,5,7,3,7,9,2,5,6,,,8
411683,6,8,4,4,5,6,9,10,,4,6
411684,5,7,6,6,7,8,6,,,6,6
411685,5,10,,10,,,6,4,6,,9
411686,5,10,6,6,7,9,10,,,,7
411687,6,9,8,9,8,8,8,,,,8
411688,,7,8,,6,,7,5,,,7
411689,4,5,3,3,3,5,3,4,,5,6
411690,,10,9,7,10,7,8,,,,
411691,2,5,10,5,2,10,10,,,,5
411692,8,5,7,6,8,5,8,4,6,5,6
411693,9,9,9,9,9,9,9,,,,
411694,,10,,9,10,10,9,10,,,9
411695,9,10,10,7,8,9,9,6,,,9
411696,,9,9,9,9,9,9,9,,,6
411697,10,8,8,3,3,5,7,6,10,7,2
411699,9,8,10,9,6,8,7,6,,,8
411700,6,5,4,5,5,,5,,8,,5
411701,3,6,4,6,3,,,4,,,2
411703,,9,,7,8,,9,,,,
411704,,8,,6,7,9,8,,,,6
411705,8,5,8,5,8,,4,8,,,
411706,6,6,6,7,6,6,7,7,4,5,6
411707,6,10,5,7,10,5,8,9,,5,6
411708,5,3,9,10,6,5,9,,,,7
411709,6,7,9,10,10,10,10,10,,,
411710,5,8,8,6,8,10,5,,,,6
411711,10,9,8,8,8,10,10,,,10,7
411712,8,8,8,8,8,8,8,8,,8,
411713,7,9,10,8,10,9,9,,,9,7
411714,,10,10,,10,,10,,,10,
411715,,6,6,,6,,5,,,,
411716,,1,,1,1,,,,,,
411717,,,9,,10,,,,,,7
411718,9,9,,10,9,,9,,,,10
411719,,8,,,10,,9,,,,9
411720,,5,1,10,6,2,5,,,,2
411721,9,9,,9,9,9,9,8,,,9
411722,,10,10,1,10,10,10,1,,,
411723,8,10,7,6,6,10,8,,,,7
411724,,10,10,9,9,,10,7,,,10
411725,6,10,,10,5,10,8,,,,7
411726,7,10,5,7,8,10,8,,,10,7
411727,7,7,7,9,9,7,8,5,,8,
411728,2,6,4,1,3,5,4,6,7,,3
411729,,10,10,,,9,9,,,,
411730,,6,5,10,7,6,,,,,
411731,,,7,8,9,,6,,,,
411732,8,10,10,9,8,10,10,,,,9
411733,4,7,6,6,7,8,6,,,,6
411734,7,7,7,7,7,7,7,,,,7
411735,8,10,10,10,8,10,8,10,8,8,8
411736,6,5,6,,,5,7,,,,
411737,,,8,4,6,,7,9,,,
411738,7,9,8,7,8,9,7,,,8,7
411739,5,5,7,5,6,4,8,,,,5
411740,9,10,10,10,10,10,10,,,10,10
411741,3,8,10,3,1,4,4,4,,,4
411742,2,10,1,2,10,3,1,,,,
411743,8,5,9,8,9,7,5,9,6,9,8
411746,4,4,7,7,7,6,7,,,,4
411747,10,10,9,8,7,10,8,,,,7
411748,5,7,6,5,8,5,7,7,,5,5
411749,,6,7,4,6,5,5,7,,,
411750,7,10,,8,7,,8,,,,
411751,10,10,8,,10,9,,10,,,
411753,5,9,9,7,8,7,7,,,,10
411754,7,1,8,7,8,10,6,,,6,6
411755,9,10,9,9,9,9,9,,,10,9
411756,,10,10,,9,,10,,,,
411757,8,8,8,8,8,8,8,,,,7
411759,,5,,4,5,2,3,,,,2
411760,6,7,6,6,8,7,9,9,8,8,7
411761,10,10,10,9,10,10,10,10,9,,9
411762,,10,10,9,10,10,10,10,,,
411763,4,7,10,5,8,10,6,4,,,8
411764,,9,4,,7,5,,,,,4
411765,5,8,7,6,8,5,4,5,,6,4
411766,5,8,4,4,7,6,10,9,,2,5
411767,5,8,5,4,5,4,5,,,6,4
411768,10,10,10,8,8,9,10,8,,10,8
411771,5,4,7,7,7,6,7,4,,6,7
411772,1,9,8,8,8,9,7,,,2,8
411773,2,8,,10,9,9,,5,,,
411774,,10,7,,10,10,6,,,,9
411775,,10,9,,10,,,,,,9
411776,9,9,9,9,9,9,9,9,,9,9
411777,10,6,6,8,8,10,10,,6,6,6
411778,5,10,5,10,10,10,8,,,,8
411779,8,9,9,6,8,,5,,,10,9
411780,4,9,5,4,3,3,5,,8,,6
411781,,7,6,7,7,8,,6,,,
411782,9,8,9,7,7,7,6,8,,,
411783,10,10,3,2,7,4,5,4,10,,
411784,5,5,5,5,5,5,5,5,,5,5
411785,6,8,8,7,8,8,6,,,,
411786,8,8,6,7,7,5,7,4,,8,5
411787,8,8,8,8,8,8,8,,,,8
411788,9,9,8,9,9,9,9,,7,8,8
411789,10,10,10,9,10,,,,,10,10
411790,,10,9,8,8,10,10,,,,7
411791,10,10,8,9,9,9,9,8,,,9
411792,,5,6,7,9,4,7,,2,,5
411793,8,7,8,10,10,10,9,,,,8
411795,8,8,10,9,10,8,8,,,,5
411796,9,9,9,9,10,9,9,,9,,
411797,4,8,4,10,6,10,4,2,4,3,5
411800,,,9,,10,,5,,,,
411801,6,10,10,10,10,5,,6,,,10
411802,9,4,10,6,8,8,10,,,,8
411804,7,8,6,6,7,8,7,7,,8,6
411805,,5,,10,10,,10,,,6,6
411806,,8,8,9,9,9,8,,,,
411807,1,8,1,8,8,8,8,1,,10,10
411810,8,,,,8,5,5,,,,
411811,9,5,9,7,7,6,9,9,,,8
411812,,10,10,10,10,10,8,,,,8
411813,8,8,7,6,7,6,7,7,,,6
411814,10,10,10,9,9,9,9,9,8,9,9
411815,10,10,10,2,10,9,9,10,,10,10
411817,10,9,10,7,9,,,10,,,
411818,9,10,10,,,8,7,,,,8
411819,7,10,10,9,9,7,7,8,,,7
411820,9,9,7,7,8,6,8,7,,8,7
411821,10,9,10,9,9,7,10,,,7,10
411823,6,9,8,6,9,7,8,,,,8
411824,10,10,10,7,10,6,8,,,,9
411825,8,8,8,8,8,8,8,8,,,8
411826,7,8,10,5,5,8,9,,,10,5
411827,8,6,6,5,6,6,7,,,,6
411828,10,10,8,9,7,,,,,,
411829,10,,10,,9,,,,,,
411830,8,9,9,8,8,9,8,6,7,9,9
411831,7,7,6,5,5,7,7,5,6,8,5
411832,10,10,10,,10,,10,,,,
411833,7,7,9,8,8,,9,,7,,7
411834,,10,,,9,,9,,,,
411835,,9,10,10,9,10,7,10,,,
411836,4,10,9,7,4,8,8,1,3,2,4
411837,10,,10,,10,10,10,,,10,
411838,,6,,,8,,6,7,5,,
411839,4,5,5,6,5,4,6,6,5,3,5
411840,2,,2,6,4,,2,,,,
411841,4,5,5,8,5,6,,7,,,
411842,10,7,10,5,7,,8,9,,,
411844,,6,,5,7,,7,6,,,5
411845,9,,10,10,10,,10,10,,,
411846,5,5,5,5,5,5,5,5,,,5
411847,4,10,9,7,4,3,5,,,,6
411848,10,10,7,6,5,6,10,8,7,8,6
411849,,6,7,6,6,7,5,,,,
411850,8,9,10,,7,,,,,,
411851,,8,9,7,10,7,10,,,,10
411852,,7,5,10,10,7,7,,,,3
411853,6,7,,6,7,7,6,,7,,
411854,3,8,6,6,5,4,3,,5,7,3
411855,6,10,10,9,9,8,10,,4,2,6
411856,9,9,8,6,8,10,,,,6,10
411858,8,10,9,9,9,8,7,,,10,
411859,9,6,9,6,,9,,,,7,
411860,,4,9,2,5,,,,,,
411861,8,6,8,8,8,8,8,7,8,8,8
411862,8,9,9,8,8,8,8,8,7,8,8
411863,3,7,7,2,9,2,5,6,3,8,4
411864,6,7,7,9,8,6,6,6,,,7
411865,,,,,10,,,10,,,
411866,7,10,9,9,8,4,9,6,5,,7
411867,5,8,9,4,7,8,6,6,,,9
411869,3,5,5,,5,3,5,,,,2
411870,8,7,8,7,5,7,7,7,,,6
411871,9,10,7,6,7,7,5,9,2,9,8
411872,6,6,5,6,7,8,8,,,,
411873,,9,8,,8,8,8,8,7,,
411874,1,5,10,7,9,1,5,2,,,
411875,5,10,5,2,8,6,10,10,,,5
411876,10,8,7,8,8,9,9,9,7,7,8
411877,,4,,5,4,4,4,4,,,
411878,7,8,7,6,9,,9,4,,,5
411879,6,8,8,8,9,7,7,8,7,8,8
411880,,,5,5,5,8,8,,,,
411881,10,8,9,8,8,8,8,8,8,8,8
411882,10,10,9,,10,10,7,10,10,10,7
411884,10,10,10,9,10,,10,,,,
411885,8,10,9,9,9,,8,,,,8
411886,7,6,4,3,4,,6,7,4,,5
411887,10,9,10,10,10,10,10,9,,10,10
411890,,10,,,,,8,1,,,10
411891,8,7,9,9,9,6,7,,,8,7
411892,10,10,10,9,5,10,9,5,5,10,9
411893,7,8,6,7,8,8,8,7,,,7
411894,7,7,7,7,8,,7,,,,7
411895,,8,8,8,8,,8,,,8,
411896,9,8,10,,,9,9,9,,10,
411898,,8,6,,6,4,,,,,4
411899,,,4,3,3,,4,,,,
411900,8,10,10,9,8,9,8,9,,8,8
411901,3,5,4,3,6,3,6,2,,3,2
411904,7,7,7,7,7,6,6,6,6,5,7
411905,6,6,5,5,7,6,4,,1,,
411906,,6,10,10,9,8,7,,,,
411907,2,5,6,5,4,10,5,4,10,5,5
411908,10,,,10,10,10,,10,,10,10
411909,,8,8,8,8,8,9,,,,
411910,9,8,9,9,8,8,8,8,,,
411911,8,9,,8,8,,7,,,,
411912,8,8,8,8,9,,8,8,,,
411913,,9,8,8,9,,,,,,8
411914,,8,7,7,5,,4,,,,
411915,,7,8,7,5,5,8,,,,4
411916,9,7,9,,,7,6,,,,
411918,1,1,7,1,1,1,1,1,2,1,1
411919,9,8,8,8,8,8,8,,,9,
411920,9,8,9,8,9,,9,,,8,
411921,,7,6,,8,7,8,6,,,
411922,8,9,8,8,8,,7,,,8,
411925,8,8,8,8,8,,8,,,8,
411926,,8,8,7,8,,7,,,8,8
411927,,8,8,8,8,8,8,,,8,
411928,,8,8,8,8,,,,,8,
411929,,8,9,,8,,8,,,,
411930,8,8,8,8,8,8,,,,8,
411931,8,8,8,9,8,8,8,,,,
411932,,,10,10,10,,10,,,,
411933,3,4,4,4,5,,,3,5,,
411934,,9,6,7,7,5,6,,,,
411935,5,9,7,,7,8,8,,,,
411936,10,10,10,8,9,,10,,,,
411937,8,9,8,8,9,8,8,,,,8
411938,,8,9,8,8,,8,,,8,
411939,9,9,9,9,9,9,9,9,,9,
411940,8,8,8,8,8,8,8,,,,
411941,8,8,9,9,9,9,9,9,,9,
411942,8,9,8,8,8,8,,8,,,8
411943,9,8,8,9,9,,,,8,,
411944,8,8,8,8,8,,,,,8,9
411945,8,8,9,8,8,8,,,8,8,
411946,,8,9,,8,9,8,,,,
411948,8,8,8,8,8,8,8,9,,,
411949,9,9,9,9,8,,8,9,,,
411950,8,8,8,8,7,8,7,,,,
411951,8,7,8,8,8,8,8,,,,
411952,8,9,8,8,9,8,8,,,8,
411953,,10,,5,5,8,10,,,,10
411954,9,9,9,9,9,9,9,,,9,
411955,7,9,8,7,8,,7,,,,7
411956,8,8,8,8,8,9,7,8,,8,
411957,8,8,8,8,8,,,8,,,
411958,8,8,8,8,8,8,8,,,8,
411960,8,8,8,8,8,,,,,8,
411961,8,8,8,8,9,,7,8,,7,
411962,8,8,,8,8,9,8,8,,,
411963,9,9,8,8,8,9,9,9,,8,9
411964,8,8,8,8,9,,8,8,,9,
411966,9,8,8,8,9,9,9,9,,8,
411967,9,9,9,8,8,9,9,9,,9,
411968,9,8,9,9,9,9,9,9,,9,
411969,8,7,8,8,8,8,8,,,8,
411970,,,8,3,7,,7,,,,
411971,9,9,9,9,9,9,,9,,9,8
411972,9,9,8,8,8,8,8,,,8,
411973,9,8,9,9,9,9,9,9,9,9,
411974,,10,,10,10,,10,,,,9
411975,9,6,7,8,8,7,6,,,10,7
411976,8,9,,9,9,,9,,,9,
411977,9,9,9,9,9,8,9,8,,8,
411978,9,9,9,9,9,9,9,,,9,
411979,9,9,9,8,9,9,9,,,9,
411980,9,8,9,9,9,9,8,,,,
411981,6,3,4,5,5,5,6,,,,3
411982,9,9,9,9,9,9,9,,,9,
411983,9,8,9,9,9,9,8,9,,9,
411984,9,9,9,9,9,9,9,9,9,9,9
411985,9,9,9,9,9,9,9,,,,
411986,8,8,8,8,8,8,8,,,8,
411987,9,9,,9,9,9,9,9,9,9,
411988,9,9,9,9,9,9,9,9,9,9,
411989,,9,9,9,9,9,9,9,9,9,9
411992,,9,8,,9,,9,,,,
411993,9,1,2,4,3,2,1,7,1,1,1
411994,9,9,8,,,8,,,,,
411996,9,9,,9,9,9,,,,,
411997,9,9,9,9,9,9,9,,,9,
411998,8,9,8,8,9,8,8,8,8,8,9
411999,9,9,9,9,9,,8,9,,,
412000,6,8,9,7,9,5,5,,,,
412001,9,9,9,9,9,,9,9,,,
412002,,,,9,,9,9,,,,
412005,,10,,10,10,10,10,,,,9
412006,9,9,,,,9,9,,,9,
412008,6,6,6,7,10,10,4,,,,10
412013,9,,9,,9,9,,,,,
412014,9,9,9,9,9,,,,,,
412015,8,10,10,9,8,8,8,,8,8,
412017,9,9,9,7,7,9,7,7,,,
412018,9,9,,,9,,9,,,,
412019,4,10,6,8,5,6,6,5,,,5
412020,8,6,8,7,7,,9,10,,,
412021,8,10,10,10,10,6,9,,,,7
412022,4,5,2,3,5,3,4,,,7,2
412023,9,9,8,9,8,9,8,,,10,
412025,,8,8,8,8,8,8,8,,,
412026,8,10,,8,8,8,9,10,7,,
412027,8,7,9,7,8,8,7,8,7,7,7
412028,6,10,,3,6,5,5,,,,7
412029,9,,9,,9,,,,,9,
412032,,9,9,,8,,9,,,,
412034,,9,8,9,,,,,,,9
412037,,10,6,7,,,8,,,,
412038,,,9,8,8,,,9,,,
412043,,9,8,8,8,,,,,,
412044,,10,9,,,,,,,,
412046,8,9,8,9,9,8,9,,,9,
412048,10,,,8,,,,,,,
412049,9,9,9,9,9,,9,,,,
412050,,,,,10,,9,,,,
412051,,,9,,9,,9,,,,
412052,7,,6,4,3,,6,8,,,
412054,,,10,,,,,,,10,
412056,,,9,,,,9,,,8,
412060,,,,,,9,8,,,,
412061,,,,,,,,8,,9,
412062,,9,,,,,,,,9,
412063,,8,9,,,,9,,,,
412064,,,8,,8,7,9,,,,
412066,,,8,7,,,8,,,7,
412067,7,8,8,,,,8,,,,
412069,6,8,7,9,9,8,8,7,,7,6
412070,,9,8,9,8,8,8,,7,,5
412071,5,3,5,5,5,5,5,5,1,1,
412072,8,8,7,8,6,10,8,,,,5
412074,9,,9,9,9,9,9,,,,9
412075,9,9,9,,9,9,,,,,
412076,9,9,9,,8,,9,,,9,
412078,9,9,9,9,9,,,,,,
412079,,9,9,8,8,,8,,,,
412081,,9,9,9,9,9,9,9,,,
412082,8,9,8,8,9,,,,,,
412084,,9,9,8,9,,,,,,
412086,,9,9,9,9,,,,,9,
412087,,9,,7,8,7,,,,,8
412088,,3,3,8,6,5,3,,,,4
412089,8,9,9,,8,6,8,8,8,,
412090,4,10,6,2,6,4,4,,,,3
412091,9,10,9,7,10,7,7,,7,7,7
412093,8,8,8,9,9,,8,,9,,
